dataset,source_dataset,size_class,role,source_query_index,g,mean_f,log_mean_f,minimum_group_size,maximum_group_size,size_stratum,panel_query_index,selection_key
Musae-GPU4GST,GPU4GST_Musae,small,P2_cross_g,3,5,123.8,4.826712455935327,30,385,3,1,0100e18cf905115f57a8af7c2cc332c7fd5677e82c60662f0e235b29343ad8bf
Musae-GPU4GST,GPU4GST_Musae,small,P2_cross_g,39,5,179.0,5.19295685089021,123,297,5,2,05f9a1b6e88133baeeefb3257262d7d1db6e73bd338b767afbffcb62274d9d99
Musae-GPU4GST,GPU4GST_Musae,small,P2_cross_g,52,5,68.4,4.239886867512759,4,152,1,3,00564af75d99a1bd5b0a6810ff68dcf74a8c1d6d7741500310faf1f46432d401
Musae-GPU4GST,GPU4GST_Musae,small,P2_cross_g,180,5,136.4,4.922896379788249,15,233,4,4,010b9a5ae593e5546ecadc0cc75b4c3e478c89d42ac41bbfd6274e5e2d1e058f
Musae-GPU4GST,GPU4GST_Musae,small,P2_cross_g,203,5,82.0,4.418840607796598,38,124,2,5,0000eeee6ec89ad79f19d31db717231082ae73511fc8e640ce14db205c20984b
Musae-GPU4GST,GPU4GST_Musae,small,P2_cross_g,50,6,111.66666666666667,4.724433606814909,5,292,3,1,051edf82d789b6c8b1650478e86f25b1f1848bd285dd5dcbb38a1439edba9908
Musae-GPU4GST,GPU4GST_Musae,small,P2_cross_g,70,6,124.83333333333333,4.834958280020969,52,319,4,2,0cae8cde0c0bba12e2b32e8204b79ef87f8f5b4924ecc14bf19879e5bb17a63a
Musae-GPU4GST,GPU4GST_Musae,small,P2_cross_g,125,6,37.0,3.6375861597263857,4,87,1,3,029bab85c5ba89f995116e907bcb7ce75e47f273fb2656dcb62ce981e1197576
Musae-GPU4GST,GPU4GST_Musae,small,P2_cross_g,271,6,233.33333333333334,5.456744603142555,125,702,5,4,004836d88e8f8eff484ac8087ec9a6d31678023e4a5e803aaf64cf7fb906fb23
Musae-GPU4GST,GPU4GST_Musae,small,P2_cross_g,291,6,86.16666666666667,4.467821994836868,5,160,2,5,037595838015e44b087378e7c347c6728417f401087948f45381aabe12bb18b2
Musae-GPU4GST,GPU4GST_Musae,small,P2_cross_g,6,7,147.14285714285714,4.998177059174214,111,206,4,1,0353514b35628c9d9be39964f2765d0a7b24011c1c7afd175400f431090565f7
Musae-GPU4GST,GPU4GST_Musae,small,P2_cross_g,53,7,86.42857142857143,4.470822133457013,9,208,2,2,05a036b6ccd64f5fc7749c85ae664cdc395cdbc60dcb5760fea7f5e6d4fbe71c
Musae-GPU4GST,GPU4GST_Musae,small,P2_cross_g,82,7,125.0,4.836281906951478,16,166,3,3,00c7ae4b757c70511e145b79a121d59f0e0d88c2916618c5cdf78fd26885dd70
Musae-GPU4GST,GPU4GST_Musae,small,P2_cross_g,199,7,39.857142857142854,3.7100816617645394,13,86,1,4,00b609336de3cd39c9c10ae01194c3ef94f41e464cd6da83b9825b957023f073
Musae-GPU4GST,GPU4GST_Musae,small,P2_cross_g,259,7,721.8571428571429,6.583211613226198,1,3057,5,5,086d50293f0dc82b5723abd5fcf6662661b46a281802c9c64f27eff959e98d2f
Musae-GPU4GST,GPU4GST_Musae,small,P2_cross_g,5,8,120.125,4.79682307021093,27,233,3,1,011760661053e244c0dc8d3368aee7df47fff4c5002862e3cf946641478748a5
Musae-GPU4GST,GPU4GST_Musae,small,P2_cross_g,14,8,188.0,5.241747015059643,22,489,5,2,00205a0eaa4babfdd7d82c8f238690407fd6720bdb20c3483310e12638903394
Musae-GPU4GST,GPU4GST_Musae,small,P2_cross_g,40,8,147.5,5.000584958242754,37,526,4,3,0027c149d61a20cdc19cd4ad040561aa4d40f70621033df25a7c9871846a1f62
Musae-GPU4GST,GPU4GST_Musae,small,P2_cross_g,78,8,56.625,4.053956501316812,13,155,1,4,02c4cf8f15b5e0d16b31889b5658d0a2f38560ad1d2b3235673a0b3fd75d32da
Musae-GPU4GST,GPU4GST_Musae,small,P2_cross_g,218,8,87.75,4.485823428355525,11,236,2,5,012c2acf9c61f6f0e20f23f4e5dbcc7590b6f1696b7c57e4298e51624fa08ca0
Musae-GPU4GST,GPU4GST_Musae,small,P2_cross_g,8,9,130.77777777777777,4.881117002221451,15,379,3,1,02f1c5540fe0fd7939dcec097f0265b0a44990d438c69e440f27fe050bbbb199
Musae-GPU4GST,GPU4GST_Musae,small,P2_cross_g,98,9,87.55555555555556,4.483630101453996,19,248,2,2,0377928838a48d6f909778c9b4921ffa87daf262a898ff851cb180c3bf831b12
Musae-GPU4GST,GPU4GST_Musae,small,P2_cross_g,108,9,72.77777777777777,4.3010575721402144,58,122,1,3,035c253b56afa3da5ee083d1c6cb9576794ae34ac8e5cafff57872bc6a1340b3
Musae-GPU4GST,GPU4GST_Musae,small,P2_cross_g,236,9,185.55555555555554,5.2287290797413215,40,472,5,4,00385873d7e29dfc0746c9bb55d0a5235a58acf5f9ec10d65a12ca9a04c4f46c
Musae-GPU4GST,GPU4GST_Musae,small,P2_cross_g,265,9,134.55555555555554,4.909381560391083,57,601,4,5,05ccc632466b19342c0104033da75b568ba3b18b8fedfe542e694a4271ea2a60
Musae-GPU4GST,GPU4GST_Musae,small,P2_cross_g,52,10,93.5,4.548599834499697,9,220,2,1,015f9f870cbbc1b78061dfd9533594d887a051873306cb2c5fb919dfe24c723a
Musae-GPU4GST,GPU4GST_Musae,small,P2_cross_g,85,10,161.6,5.0912931971137105,118,227,5,2,00203e78f5acf1ec074432ec2538c59b16ea7114dacd25a309216b322b45f670
Musae-GPU4GST,GPU4GST_Musae,small,P2_cross_g,101,10,141.9,4.9621450849358215,26,288,4,3,02e82105b527898058594222ad03a5fc19f7d7f5ff440569899785336c3fcf27
Musae-GPU4GST,GPU4GST_Musae,small,P2_cross_g,222,10,110.3,4.712229258281499,9,274,3,4,0138e678c47683a4dd35457266e1bea9b29714c3ed2225a7deb860849bf0903e
Musae-GPU4GST,GPU4GST_Musae,small,P2_cross_g,227,10,74.2,4.320151230955794,25,200,1,5,160a2e8148ac4257fe916f9d42432b27c53cbe0ba99bc8962f8214a4c00fc556
Musae-GPU4GST,GPU4GST_Musae,small,P2_cross_g,21,11,84.45454545454545,4.447984602465679,10,161,2,1,00873438d4970770d2f904957cfaa6f978fed635c481ea106e9131924e4c2755
Musae-GPU4GST,GPU4GST_Musae,small,P2_cross_g,99,11,357.1818181818182,5.881040729493609,13,3057,5,2,0ae4b8c215e4e100f34382df897fe0e48ed1b8dac6b151b6903111b8d8bd1370
Musae-GPU4GST,GPU4GST_Musae,small,P2_cross_g,187,11,162.8181818181818,5.098757165369912,118,293,4,3,008da5bd353ebb3871c82ff9026268aeb5c80935830b89f7427948e0c7ed4475
Musae-GPU4GST,GPU4GST_Musae,small,P2_cross_g,234,11,81.54545454545455,4.413349105802923,11,187,1,4,016080b8cec3c3319a32c3d7108175bbb0844fa73f2fe2df163f72692f151a15
Musae-GPU4GST,GPU4GST_Musae,small,P2_cross_g,259,11,122.36363636363636,4.815136387036499,13,254,3,5,02b003f2779f11c4b02b58773837bc856433824af17421e16e77e2be1855f9e3
Musae-GPU4GST,GPU4GST_Musae,small,P2_cross_g,101,12,127.08333333333333,4.852681093750595,55,598,3,1,00dcf2f8c9f75f020866551f150f971a6f551366f931492148f9bb4613fa5c67
Musae-GPU4GST,GPU4GST_Musae,small,P2_cross_g,210,12,161.08333333333334,5.0881106062645465,20,854,4,2,00d3f9ba130cdc67b865d294b1bc566206f5fd43d3021532259f4af7888aac29
Musae-GPU4GST,GPU4GST_Musae,small,P2_cross_g,212,12,100.66666666666667,4.621699487939302,21,170,2,3,0135773f239e72fd4fa9f58919dd3be92e708f9365d54f654b48d548894d0679
Musae-GPU4GST,GPU4GST_Musae,small,P2_cross_g,215,12,67.66666666666667,4.229263880121471,11,141,1,4,089738fccf6c600d99a19c6fe539a2f8442941114290361c457d9617bdc2ff49
Musae-GPU4GST,GPU4GST_Musae,small,P2_cross_g,228,12,173.75,5.163356381113919,15,481,5,5,050834351365a50a3f6229884526a24aa34b93cf97731dcfe19e30e0a585985b
Musae-GPU4GST,GPU4GST_Musae,small,P2_cross_g,1,13,106.23076923076923,4.674983233858932,27,219,2,1,0485a5628954985d3b58167a21af3cdad106f0b5df7702d2d6774b3fa95ce886
Musae-GPU4GST,GPU4GST_Musae,small,P2_cross_g,18,13,67.23076923076923,4.222895624848043,9,215,1,2,01f68b2d2676bd7a31ab80b5576b2d0d9cf7b5487b66515824c6514c288ae68f
Musae-GPU4GST,GPU4GST_Musae,small,P2_cross_g,128,13,130.84615384615384,4.881635741696188,16,533,3,3,07c9954c734b1dfcbde9b4f9e4a8117b7744025c5d3e77b4ef35c0c06a137d00
Musae-GPU4GST,GPU4GST_Musae,small,P2_cross_g,228,13,177.07692307692307,5.182215609058797,28,406,5,4,03a639a85294e679afb76cd60c520e2dbe7ec79660dc66ed212beb1ecfc146c3
Musae-GPU4GST,GPU4GST_Musae,small,P2_cross_g,253,13,165.3846153846154,5.114302068491522,118,435,4,5,014ec828b1e6e386b62fb032d7850c0cb2c27c190491487b723bfce7ad00cb75
Musae-GPU4GST,GPU4GST_Musae,small,P2_cross_g,22,14,165.35714285714286,5.114136940269082,27,386,4,1,00709937dd843bcd30269d8609d54e27a65bc75a237bf02c290669b10f82dd6c
Musae-GPU4GST,GPU4GST_Musae,small,P2_cross_g,100,14,104.0,4.653960350157523,18,319,2,2,00aa8540160b77fcaaf7a8cc6e79a4776adc2c6021b925934667278fdef852c7
Musae-GPU4GST,GPU4GST_Musae,small,P2_cross_g,142,14,68.57142857142857,4.242353974027276,6,133,1,3,0374eeb100003ded76d369c830c3cfc0382e45f13eeb1f3c76df1477eae7dfa9
Musae-GPU4GST,GPU4GST_Musae,small,P2_cross_g,234,14,169.28571428571428,5.137477698569982,115,402,5,4,00afb8b88533b3eb235c70b1db9025c633df03785418f2529dccf207ca819d6e
Musae-GPU4GST,GPU4GST_Musae,small,P2_cross_g,242,14,110.14285714285714,4.710816375123078,7,282,3,5,0057715badc8674220276799323c36ed89984f443ce6c330769669daa492ff2a
Musae-GPU4GST,GPU4GST_Musae,small,P2_cross_g,11,15,98.86666666666666,4.603835962974955,23,267,2,1,072d7bb7b50d04cf8bfbb400dc409ee6cdff28c71d0463351a07ca6498c8fad7
Musae-GPU4GST,GPU4GST_Musae,small,P2_cross_g,40,15,116.86666666666666,4.769554042095379,18,454,3,2,0158b0be51aedf4b1ad0002a26c27b7c257448b96deed75ce836c2b087b55fd8
Musae-GPU4GST,GPU4GST_Musae,small,P2_cross_g,160,15,84.93333333333334,4.453571801836977,51,273,1,3,08adaccfafaed2e451fb7e65f150da6068fd87d0a15df96b4397e1d025a40276
Musae-GPU4GST,GPU4GST_Musae,small,P2_cross_g,272,15,138.73333333333332,4.939735844338722,8,919,4,4,007bafa1c0a454886d76b9aeb0cf9fe8922bebe949f4a3a17ab9df85173695c5
Musae-GPU4GST,GPU4GST_Musae,small,P2_cross_g,285,15,191.46666666666667,5.259922978560725,56,812,5,5,016102a43e10384a7419517244216b330c05c07d79514c9ab6fc2e20f69aa267
Musae-GPU4GST,GPU4GST_Musae,small,P2_cross_g,4,16,62.0625,4.144126298113828,9,219,1,1,006974e9e68990c987c2720451321b7aa697a9169fa836c27fcdb56878c67c2e
Musae-GPU4GST,GPU4GST_Musae,small,P2_cross_g,60,16,129.8125,4.873765000206219,19,331,3,2,0e2771dff645d528eb686e15539fdc4954a15d6bbd5372c0346d120259371d67
Musae-GPU4GST,GPU4GST_Musae,small,P2_cross_g,90,16,188.6875,5.245377981253817,133,517,5,3,0263dce6a32166937a251bf8d024db8279967bea3e00eeaeb493e6db8291f11c
Musae-GPU4GST,GPU4GST_Musae,small,P2_cross_g,211,16,151.125,5.0247025513076915,121,263,4,4,018871237dd991ab58c644e3eb5583caff6bf71b4e3e92b9ff0eb5efee433462
Musae-GPU4GST,GPU4GST_Musae,small,P2_cross_g,216,16,103.3125,4.647391201422054,12,257,2,5,07a8d44202efc07eb507ade3505f8202ce6ec4c8b3655ad37ec9cf5f108b70cc
Twitch-GPU4GST,GPU4GST_Twitch,small,P2_cross_g,82,5,2330.8,7.754395780499191,6,3602,4,1,038c0ca055eaa37bf2a18d2e74ab81ec66c85329d328b20c54e007c81c4ed5df
Twitch-GPU4GST,GPU4GST_Twitch,small,P2_cross_g,118,5,4440.4,8.39872492104016,4,11193,5,2,03c7d40240dc7e07baa5d871419deb695faa390a59c16668c2f7484952fbad9a
Twitch-GPU4GST,GPU4GST_Twitch,small,P2_cross_g,163,5,1490.6,7.3076046483046655,5,3186,3,3,04703ccccc8620a8244a06acc99202b970f8363417111b3b520b13d9e14bf808
Twitch-GPU4GST,GPU4GST_Twitch,small,P2_cross_g,187,5,367.6,5.909712045235723,5,1522,1,4,04cbc15d5f2d5e64f14ab06103324f811fe27e1d1acb6c44fff4affff5218357
Twitch-GPU4GST,GPU4GST_Twitch,small,P2_cross_g,283,5,970.6,6.878944197128018,52,2467,2,5,020a4418f0dd39dfd4f9ac5a6212fa4f7876e2d98e276b5ad090aea05db66c46
Twitch-GPU4GST,GPU4GST_Twitch,small,P2_cross_g,146,6,1004.8333333333334,6.913571664303577,23,5100,3,1,04d108286def1770faa5270b50ec36fe1716d379763c2501db379975adb07293
Twitch-GPU4GST,GPU4GST_Twitch,small,P2_cross_g,155,6,540.1666666666666,6.293727302874791,14,1679,2,2,000fb2aec4c8510e3120c4722d9c20a869c54fa8a4750398d424e61b5dc62306
Twitch-GPU4GST,GPU4GST_Twitch,small,P2_cross_g,224,6,492.3333333333333,6.201185078090051,6,1178,1,3,00991164f38b3c9ab60c988ac2d0419bc8fa7875d7cc91ae0a2626cbd8a5b95d
Twitch-GPU4GST,GPU4GST_Twitch,small,P2_cross_g,242,6,2559.3333333333335,7.8478927373305725,11,5964,4,4,01a36f9c567b2e49c49ada44e9aa10d0cfa91b6b45a434dd1929ac74e078f84d
Twitch-GPU4GST,GPU4GST_Twitch,small,P2_cross_g,273,6,2840.3333333333335,7.952028704550398,23,10290,5,5,008c937a0465ae2bb1a779c6f772441f77d8a809d1bee0434e3b5c1569b8d5c5
Twitch-GPU4GST,GPU4GST_Twitch,small,P2_cross_g,25,7,1698.857142857143,7.43829949289984,5,5682,3,1,019d98afc2d4eec170a5d2607953faee01a31f30df06aef9fcaeb45fe72e18d0
Twitch-GPU4GST,GPU4GST_Twitch,small,P2_cross_g,29,7,2303.5714285714284,7.742650006937946,8,6625,4,2,017814fc89e6fcd63db084739dff70e154d2052ba07311a51d3b69fb7180893a
Twitch-GPU4GST,GPU4GST_Twitch,small,P2_cross_g,33,7,1065.7142857142858,6.972338441980389,23,6495,2,3,012569f7b79698380663275c135cc81e16a8c1b381cffc9b7c80f50a9861ff30
Twitch-GPU4GST,GPU4GST_Twitch,small,P2_cross_g,97,7,3326.285714285714,8.109912149784094,30,16368,5,4,013c3fe1d284770d0d229aaf0a1911833a9a16a7bce1e8f2b02927299191e969
Twitch-GPU4GST,GPU4GST_Twitch,small,P2_cross_g,256,7,122.85714285714286,4.819128827725229,17,466,1,5,07b782d34281996b9a6c624b26ed5caa1d4211aacf54b5a547aef2e9160063e7
Twitch-GPU4GST,GPU4GST_Twitch,small,P2_cross_g,20,8,506.625,6.229742986006462,6,1572,1,1,0531ae0cf5e7eb2911a9b641cd4dbe0b19533c75ce50c9d5686de84ee57732a9
Twitch-GPU4GST,GPU4GST_Twitch,small,P2_cross_g,33,8,4176.875,8.33755802304759,4,13208,5,2,002fb727600ae99bdbc105b64111c5708ac49b59885de1ba084d951bcf79142b
Twitch-GPU4GST,GPU4GST_Twitch,small,P2_cross_g,195,8,2236.25,7.713002712062967,11,6566,3,3,019b6f4d95f8ee73f788cd90752efbd40fea7a2be6671970e3c86ba96f5d9e3b
Twitch-GPU4GST,GPU4GST_Twitch,small,P2_cross_g,200,8,900.625,6.804198690823837,7,4203,2,4,019d6aa05c494ece603329ed20109aa299efc1948776010088428513caa69b9b
Twitch-GPU4GST,GPU4GST_Twitch,small,P2_cross_g,233,8,2930.25,7.983184232194589,7,23114,4,5,037ecf436e96acfba85563fa2837f6984fbd7e6f9264f343c95173aa72f2b86c
Twitch-GPU4GST,GPU4GST_Twitch,small,P2_cross_g,122,9,4716.666666666667,8.459069606065729,10,16368,5,1,01f49527170ed84b86e0e143c034f963ae8447c6b4d9c436cfac81ffb5fa7af7
Twitch-GPU4GST,GPU4GST_Twitch,small,P2_cross_g,141,9,1445.3333333333333,7.276786897130241,11,5682,3,2,0053c67fde40431c98ca651ae09e748c5127da73c54932df50a16d07c5e284dc
Twitch-GPU4GST,GPU4GST_Twitch,small,P2_cross_g,202,9,1341.888888888889,7.202578459585284,25,6681,2,3,06e413783503e3a9b3276727ad66a2945ce21be65e9acf9a99918a67e6999fe8
Twitch-GPU4GST,GPU4GST_Twitch,small,P2_cross_g,234,9,298.22222222222223,5.70118651547538,12,1574,1,4,00d54acd6b2692c29fae88dae4e5ebc122bd48f289627c738f0c37015d6fc27f
Twitch-GPU4GST,GPU4GST_Twitch,small,P2_cross_g,287,9,3015.777777777778,8.011944579760089,13,10444,4,5,00506195180e2c1189f389858378d393164582af8cc6669aa2fa5e7b667bac7c
Twitch-GPU4GST,GPU4GST_Twitch,small,P2_cross_g,23,10,1328.8,7.192783833968354,18,6712,2,1,038d48a11c229924a07541a76d65132a28f2bd7807253cb327f6fd2d5e35ca21
Twitch-GPU4GST,GPU4GST_Twitch,small,P2_cross_g,111,10,3280.4,8.096025439580782,6,11193,5,2,01b5aa612aabe303367b4931935a84ce6a269947cfe208217ca869d837c49f17
Twitch-GPU4GST,GPU4GST_Twitch,small,P2_cross_g,214,10,2637.0,7.87777633327726,14,6815,4,3,07b32f0880e656a48575da5d80b7d6eb56118cb2c33da97896f744fc96005807
Twitch-GPU4GST,GPU4GST_Twitch,small,P2_cross_g,228,10,2194.4,7.694119541253216,12,10364,3,4,0d54d65bbbb9fdfc097f0559700d871519ef0e22656de3977a0218a4e900424b
Twitch-GPU4GST,GPU4GST_Twitch,small,P2_cross_g,236,10,375.6,5.931183616223052,3,3197,1,5,00a462bf1c5c53e2bb7be887dd51959c13dd271ddfd1db614bed9502351a6510
Twitch-GPU4GST,GPU4GST_Twitch,small,P2_cross_g,34,11,2519.5454545454545,7.832230607299951,20,13748,3,1,06a7dc346346e10dac66496415a82ee5345584077f4c8e56fd856b00c65adead
Twitch-GPU4GST,GPU4GST_Twitch,small,P2_cross_g,83,11,3136.6363636363635,8.051225045009154,11,13208,4,2,000a039b2cf699c46bf871c6f88d2ce76b73026ca866f04d625eea77f6053b5c
Twitch-GPU4GST,GPU4GST_Twitch,small,P2_cross_g,86,11,1244.3636363636363,7.127182843653019,51,5193,2,3,051d4373be8cfc8a04fb6b0c63b94092f04efa736d5731bfd7f6c3f50e43868a
Twitch-GPU4GST,GPU4GST_Twitch,small,P2_cross_g,143,11,554.5454545454545,6.319950432096545,11,2958,1,4,0bb3547f299c85f2a5d2bca09491c0ba3749a252b0733998cfa66f8d8908e564
Twitch-GPU4GST,GPU4GST_Twitch,small,P2_cross_g,230,11,4385.272727272727,8.386235108365387,12,31579,5,5,09f5ac4dfd61e05083f96938e56e9c359786f73f26ec8f115532ac7240126c0c
Twitch-GPU4GST,GPU4GST_Twitch,small,P2_cross_g,19,12,1593.0833333333333,7.374054137364653,13,3402,2,1,054c0247b5bf12fa01d4ee498f8d96f075fbed6780458fb2ff1db783038efe8b
Twitch-GPU4GST,GPU4GST_Twitch,small,P2_cross_g,132,12,209.58333333333334,5.349881457600194,7,926,1,2,025148372f9ccb0b04c8173cf728b7756d1e7188fc0e290dfa0160eba517abd3
Twitch-GPU4GST,GPU4GST_Twitch,small,P2_cross_g,244,12,2250.4166666666665,7.719314926694523,6,11193,4,3,02f07197d1fb0deeb65911a9593f0bf2b28d0f7b3a4fd2a33768d12c821b1e95
Twitch-GPU4GST,GPU4GST_Twitch,small,P2_cross_g,251,12,3447.6666666666665,8.145742961895351,8,31579,5,4,0305b99b7ef6d6bc35b90e29d2d11cdd8b7cff68fac171bbc3d73206ecdeabfe
Twitch-GPU4GST,GPU4GST_Twitch,small,P2_cross_g,265,12,1975.25,7.588956388523682,5,8790,3,5,06dd3831cf46b7cbc1ec41d3ff8cec620667676e8bf1a24b6accbab80c1b3298
Twitch-GPU4GST,GPU4GST_Twitch,small,P2_cross_g,60,13,2789.4615384615386,7.933962287105921,8,10290,4,1,028783100ae0e8851b2a68a566cfc81131e427b8e2c9403691de1b3620586270
Twitch-GPU4GST,GPU4GST_Twitch,small,P2_cross_g,82,13,2285.0,7.734558844354756,11,6862,3,2,0312f110298bbc38471ed7b7133a7513b2a4a5c53160943539fcebce319485b0
Twitch-GPU4GST,GPU4GST_Twitch,small,P2_cross_g,108,13,1456.3076923076924,7.2843459659911645,5,6862,2,3,0739ed54400932eca29baa7e7921029fc175f2741f87090111ec8ba0c32796ec
Twitch-GPU4GST,GPU4GST_Twitch,small,P2_cross_g,190,13,5889.846153846154,8.68115492572424,4,31579,5,4,0a09bca4a44931651702385ca16bb955a1e414f540a731c4502bf6d699b49935
Twitch-GPU4GST,GPU4GST_Twitch,small,P2_cross_g,205,13,641.3076923076923,6.465067460383365,11,5936,1,5,0e8c8f5ecfb6e59d98cf7b6c31a68dbe62f2cd115eca8d130eaf552db4479de8
Twitch-GPU4GST,GPU4GST_Twitch,small,P2_cross_g,40,14,1680.2857142857142,7.427314085822349,20,6467,2,1,00be9eaf1eb8355031f38d2a7664a5f7dbe58d003400a24147a448c8d8d518d3
Twitch-GPU4GST,GPU4GST_Twitch,small,P2_cross_g,129,14,2508.785714285714,7.827952655686829,7,6625,3,2,05b41bb1d1332161128b86203e206e8c5f66db2bfa8bb8ec199a0ae682da4d33
Twitch-GPU4GST,GPU4GST_Twitch,small,P2_cross_g,153,14,1081.7857142857142,6.98729236434476,19,6467,1,3,02aecf0ac384e8c24c466aedc5464363277bdb1c5daed2c8f757090c046e2c11
Twitch-GPU4GST,GPU4GST_Twitch,small,P2_cross_g,258,14,3284.8571428571427,8.09738282317169,5,16368,4,4,0018b30da8637635194389bb500896ff0498a6f957488dbf5fe4bb5fda15d345
Twitch-GPU4GST,GPU4GST_Twitch,small,P2_cross_g,261,14,3753.5714285714284,8.23072942414827,22,31579,5,5,00250846e0471a11fa6075548122c6af09ade671909378fc56f4d98dce7fcf79
Twitch-GPU4GST,GPU4GST_Twitch,small,P2_cross_g,58,15,700.9333333333333,6.553838432754549,8,5682,1,1,004b0cfc64372609152e480721b8127f4a759fe9580a2002eec992e136750d9d
Twitch-GPU4GST,GPU4GST_Twitch,small,P2_cross_g,97,15,2014.7333333333333,7.608738345309857,5,16368,3,2,0199d62eba8b693e4c3e8ee9bebdb6a49c498be3b394adc107b4f58c75e245d9
Twitch-GPU4GST,GPU4GST_Twitch,small,P2_cross_g,169,15,1257.3333333333333,7.137543373015015,12,8790,2,3,01c1b871f4415623c3f01070c2de446f25e50fc8371c1b6966106f1d7e8d2e27
Twitch-GPU4GST,GPU4GST_Twitch,small,P2_cross_g,267,15,2848.133333333333,7.95477013344962,10,11193,4,4,09c4f7a298822a4cd8b2f569cc29650f146d4560fbc4290308773fb67a6fa2ab
Twitch-GPU4GST,GPU4GST_Twitch,small,P2_cross_g,284,15,3706.866666666667,8.218211967750845,10,13208,5,5,02e2b237e0dcf6ed98df50f03f9700d021413e2174dee4cf57fb78e7a831a7c4
Twitch-GPU4GST,GPU4GST_Twitch,small,P2_cross_g,100,16,4896.125,8.496403577208682,6,23114,5,1,074084658c6fd3d50dae3ceb05e858be674d3758460df1cc8d970d529cd07934
Twitch-GPU4GST,GPU4GST_Twitch,small,P2_cross_g,118,16,2606.6875,7.866219092247488,5,10364,3,2,01b57fe4629140a4d1a84cd9e1c3f537d2346c2d4ee29068c968a1bef479f458
Twitch-GPU4GST,GPU4GST_Twitch,small,P2_cross_g,139,16,2806.5625,7.9400719481635615,16,23114,4,3,01bac0af9a3794ec96f8b238cde37db4e30ad7e2792871dbebcb5bdf112bd9fd
Twitch-GPU4GST,GPU4GST_Twitch,small,P2_cross_g,199,16,1830.875,7.513095311465157,6,11193,2,4,03e2fa113421ab73e1af01d9938c5c4d11c37eb38b7b739e771bbf0ed81a0899
Twitch-GPU4GST,GPU4GST_Twitch,small,P2_cross_g,289,16,1405.0,7.2485040723706105,7,8790,1,5,0215d5514e53fa03a5438203db6a452b592b06e69b04513ce713aeff1b7bad73
Youtube-GPU4GST,GPU4GST_Youtube,medium,P2_cross_g,95,5,522.4,6.260345990096045,6,2217,5,1,016896eb69249393773e3788eecd0e709bb1434b64747ebcb02af7b7ef4ae1eb
Youtube-GPU4GST,GPU4GST_Youtube,medium,P2_cross_g,199,5,24.2,3.2268439945173775,4,48,2,2,01a339afe89cc0de693d0b7bff64dbae190cafbe39d665870a09b26999321e96
Youtube-GPU4GST,GPU4GST_Youtube,medium,P2_cross_g,218,5,153.4,5.039546637590676,2,438,4,3,034dc16861953287be7da4e2a196e1bf0f89b0adcd899fe27273561ed96ee580
Youtube-GPU4GST,GPU4GST_Youtube,medium,P2_cross_g,221,5,52.8,3.9852734671677386,7,106,3,4,025e70aebb3f3725f4cee99edc32d0f220773168ac8fb2ec396ea7bb1a8a5ba6
Youtube-GPU4GST,GPU4GST_Youtube,medium,P2_cross_g,266,5,12.8,2.624668592163159,2,23,1,5,031ccce7d3a9477f097f201917bd28c51aed0b26a49470aba262d43d2f442b02
Youtube-GPU4GST,GPU4GST_Youtube,medium,P2_cross_g,30,6,9.833333333333334,2.3826278006675823,4,19,1,1,035f0a480fb11538fc5eb76b11256509c352fa18fed70df04a4b130aa84e2a6e
Youtube-GPU4GST,GPU4GST_Youtube,medium,P2_cross_g,69,6,112.16666666666667,4.728861658330641,9,467,4,2,0204894471e5f221d1225f61b9baa11a8e5c493b106ebb3eea82c43e9e92a9d1
Youtube-GPU4GST,GPU4GST_Youtube,medium,P2_cross_g,212,6,24.666666666666668,3.245193133185574,4,70,2,3,04a7b866d2b16641bed1e0b1f02b73105b198618b996de0558a012bbba555f1e
Youtube-GPU4GST,GPU4GST_Youtube,medium,P2_cross_g,278,6,726.5,6.589613999045648,3,2217,5,4,0587debe5929026419f3cb4f31b9e9ae85d9fb40dd3fe391b9c45306d9ffc0f3
Youtube-GPU4GST,GPU4GST_Youtube,medium,P2_cross_g,298,6,108.66666666666667,4.697445462097262,6,512,3,5,0097f2eb7e287c2266daafa41d64da31bde25dba87829b9855edd88b016981a3
Youtube-GPU4GST,GPU4GST_Youtube,medium,P2_cross_g,57,7,7.857142857142857,2.181224235989778,2,36,1,1,03aece58bf8bc3f1a5a002fb1b52cab06876c7d17b652a214cfd3ee22b93eacb
Youtube-GPU4GST,GPU4GST_Youtube,medium,P2_cross_g,61,7,56.0,4.04305126783455,8,194,3,2,063122795ae26d2fbe45e684d5535a71d0860fc5aa8df390c1628d43b986543b
Youtube-GPU4GST,GPU4GST_Youtube,medium,P2_cross_g,170,7,44.142857142857146,3.809832064531599,9,116,2,3,0069f5e2f61eee26ff96ce151ac0948bb8f705c0b65d2edcb48bf53187c60a8b
Youtube-GPU4GST,GPU4GST_Youtube,medium,P2_cross_g,242,7,230.0,5.442417710521793,9,467,5,4,01f3862fa2ed820e868e39d8110aa33dd2f7e67634e12162b01664827772d226
Youtube-GPU4GST,GPU4GST_Youtube,medium,P2_cross_g,294,7,171.85714285714286,5.152465489535474,6,497,4,5,05cce7b62981c1c021d0452a6467f5271bcb422d4bb998f8bad83ed0165fe8f5
Youtube-GPU4GST,GPU4GST_Youtube,medium,P2_cross_g,38,8,112.875,4.735101355580122,4,404,4,1,05db55a1a15fd6509bec7515b110c5a82c00cb1b41f96c84603131ae8b562c9a
Youtube-GPU4GST,GPU4GST_Youtube,medium,P2_cross_g,133,8,88.75,4.497028027368389,2,512,3,2,055b7f2bff2be0990ecbe919bc739308fe340587e7408b80379ec81cc6a9c43f
Youtube-GPU4GST,GPU4GST_Youtube,medium,P2_cross_g,156,8,34.5,3.56953269648137,6,110,2,3,03e2ab538a776719dd57efe6d4755db8809f23d5dd19edfbfef051332e03d04b
Youtube-GPU4GST,GPU4GST_Youtube,medium,P2_cross_g,238,8,287.125,5.663394413750913,3,2217,5,4,00355b880764e371ba1f19039dd6c7e7bb74281eaf4b10bdca3c75e07cc3cc92
Youtube-GPU4GST,GPU4GST_Youtube,medium,P2_cross_g,281,8,3.0,1.3862943611198906,2,5,1,5,04e24583648f537bd3564d36a10ba811637c035c28bec677e9ccf31eb0be7146
Youtube-GPU4GST,GPU4GST_Youtube,medium,P2_cross_g,82,9,379.22222222222223,5.94075587711592,5,1900,5,1,0084639fd9921fe73c97a3112d505f19a39a919e4bd119b59f6a75d8d84836bc
Youtube-GPU4GST,GPU4GST_Youtube,medium,P2_cross_g,212,9,187.22222222222223,5.23762329787578,13,497,4,2,04a951424d239d4564fa65794bad0cb20b5cd01cb2d485ea56901ccbcade66a3
Youtube-GPU4GST,GPU4GST_Youtube,medium,P2_cross_g,221,9,71.88888888888889,4.2889362116078695,2,344,3,3,04c73af30147e352837fa01b3a6e60d5d8a46a74bab415aff7f1415d85f9e2b3
Youtube-GPU4GST,GPU4GST_Youtube,medium,P2_cross_g,229,9,26.666666666666668,3.3202283191284883,2,128,1,4,03a14cad9d631fef73f9c59e11469428089b05dbc06ea80e051e67bc82f666e9
Youtube-GPU4GST,GPU4GST_Youtube,medium,P2_cross_g,266,9,62.0,4.143134726391533,8,279,2,5,0ba377ef0adb837d0dabb3b05f0378a25f5b4b705413e1997ad3a39bc52dd4b7
Youtube-GPU4GST,GPU4GST_Youtube,medium,P2_cross_g,69,10,30.3,3.4436180975461075,3,146,1,1,02625f6bc863ec10ca8cecb9c8638846031f38f8b393cccff4c99f83c1414018
Youtube-GPU4GST,GPU4GST_Youtube,medium,P2_cross_g,129,10,335.3,5.818003618746224,8,1900,5,2,0048c74d8edf2e21054f2e6c0892a00020fc45c3bafe520e9421fecce8c745b7
Youtube-GPU4GST,GPU4GST_Youtube,medium,P2_cross_g,166,10,47.2,3.8753590210565547,3,205,2,3,021b0be21755c1551cd9c3614a90e8d30adc330adb133634d82a25a4d4e81220
Youtube-GPU4GST,GPU4GST_Youtube,medium,P2_cross_g,175,10,101.4,4.628886712605407,9,346,3,4,04d0193ea1590116e959bc3e1e286066ff959a2043545772774a62e8b7505feb
Youtube-GPU4GST,GPU4GST_Youtube,medium,P2_cross_g,222,10,122.4,4.8154311114712876,3,512,4,5,00d39a22433f14f54e505bf5687ef3e3a997d5ebed54bbfa348cb114f51c414e
Youtube-GPU4GST,GPU4GST_Youtube,medium,P2_cross_g,81,11,75.0,4.330733340286331,9,263,3,1,0fda09cd68cdca4f6b2a805ea8638fda4531dc28860bf47fa10ef0aef239f813
Youtube-GPU4GST,GPU4GST_Youtube,medium,P2_cross_g,138,11,152.0909090909091,5.031031922003901,5,700,4,2,05304a5ca76ca0aa71eb8fa21a6a12434e3ea88f0345bbf1eac1da80f34ab868
Youtube-GPU4GST,GPU4GST_Youtube,medium,P2_cross_g,144,11,16.727272727272727,2.875104285765376,4,42,1,3,025b7624e41f43e4c5e2d10783f0e00d853846356780394142d170948b68ecff
Youtube-GPU4GST,GPU4GST_Youtube,medium,P2_cross_g,158,11,288.6363636363636,5.668626217671624,6,2217,5,4,00ea745a65366d52c87b712ea5d50e0b0bf3897de203f7808adec13cda435458
Youtube-GPU4GST,GPU4GST_Youtube,medium,P2_cross_g,240,11,51.36363636363637,3.958212387897521,2,190,2,5,01386f9069456f08821030bfd534cfe65dca2bc7781be7e21f54788136504f23
Youtube-GPU4GST,GPU4GST_Youtube,medium,P2_cross_g,11,12,74.08333333333333,4.318598607820338,3,512,3,1,021b33a52a06c746c48c3b026cfd0607a1b2b775af6257d6d73c41e04f4a8511
Youtube-GPU4GST,GPU4GST_Youtube,medium,P2_cross_g,25,12,147.41666666666666,5.0000236335016615,3,1098,4,2,02f417a48653e4a255982f7fff07f8bce47197b99a31f766aab4c864f030968b
Youtube-GPU4GST,GPU4GST_Youtube,medium,P2_cross_g,73,12,21.5,3.1135153092103742,5,93,1,3,00e8e1efd13d162a1d5fdd625d92534789aac16ef4e1c7442e971dd9952b654b
Youtube-GPU4GST,GPU4GST_Youtube,medium,P2_cross_g,137,12,415.5833333333333,6.03208652162557,6,2217,5,4,025f811048032a16248c17db211d04c1ecf9c30d205990ca60c7101a3c8670b7
Youtube-GPU4GST,GPU4GST_Youtube,medium,P2_cross_g,191,12,58.916666666666664,4.092954707933046,2,319,2,5,04067fc123c530f68255e1afdc4f05bce55ecee6a766c3e63cf1adccf8a8117d
Youtube-GPU4GST,GPU4GST_Youtube,medium,P2_cross_g,101,13,137.0,4.927253685157205,13,824,4,1,0cae6445a034f5856216a9f885875ef370db0c356b6310cc8d2af69892df3487
Youtube-GPU4GST,GPU4GST_Youtube,medium,P2_cross_g,156,13,12.692307692307692,2.6168341928305483,2,30,1,2,03ebe7c25d35ac52f86e60aa437fe5d40c7241ea22a74c23c88e8f77e46ebfe2
Youtube-GPU4GST,GPU4GST_Youtube,medium,P2_cross_g,248,13,54.46153846153846,4.015689779823412,4,497,2,3,04fd0a3698926f6b09de08266664db81077b057f0c87c391755f97930c68f630
Youtube-GPU4GST,GPU4GST_Youtube,medium,P2_cross_g,287,13,289.61538461538464,5.672000690599918,2,1900,5,4,0bad452354a1e044953e57c40eea15089b2535fc24d624c1441f93ad88b2c719
Youtube-GPU4GST,GPU4GST_Youtube,medium,P2_cross_g,299,13,89.23076923076923,4.502370491191939,7,427,3,5,031f453542e549fa84954883d0c9683a7dd484bd526197fdbf8a404166211ae6
Youtube-GPU4GST,GPU4GST_Youtube,medium,P2_cross_g,54,14,69.92857142857143,4.261673334429914,12,282,3,1,07ad61c12d8ca9c2a4f44260b08c404b6d1a3d50ff2efc7733e99f63d6788139
Youtube-GPU4GST,GPU4GST_Youtube,medium,P2_cross_g,81,14,38.92857142857143,3.6870921435398407,4,288,2,2,02a4d2c3535c57862ccaa70970882b384606107c8419c25b9a5daf47e12127c6
Youtube-GPU4GST,GPU4GST_Youtube,medium,P2_cross_g,95,14,35.57142857142857,3.5992672954242493,8,125,1,3,00319ab82cbd438d0214cc112830523967490e2cbdca00a0e1c54396b96e8e08
Youtube-GPU4GST,GPU4GST_Youtube,medium,P2_cross_g,231,14,207.42857142857142,5.339596399467473,6,1900,5,4,0552efb66b8cc2f6387c122182f4fb4594718f7e49bdfa39c3249dc8b9787c4f
Youtube-GPU4GST,GPU4GST_Youtube,medium,P2_cross_g,287,14,124.07142857142857,4.828885002670593,5,1098,4,5,02c0f2779f3c1551ec3af868fe594f6e4176f0cfd6c2ad80258df747b8195fd6
Youtube-GPU4GST,GPU4GST_Youtube,medium,P2_cross_g,9,15,68.46666666666667,4.240847021211102,5,467,2,1,01410d324d8768f756b9376b64aca716d05a129b55fbb65d4a6a701c67cca907
Youtube-GPU4GST,GPU4GST_Youtube,medium,P2_cross_g,33,15,92.6,4.539030383483547,2,438,3,2,04d2ab11433d5b5fbf7c9a3a176e2d572b57b97cca27ae9bed50565ab36b7179
Youtube-GPU4GST,GPU4GST_Youtube,medium,P2_cross_g,114,15,449.26666666666665,6.109839999843303,5,2217,5,3,046582b27cc3bf36934c46fb4e00f4e60414f9b670560c5ab7c9fb0e3d5ea6f0
Youtube-GPU4GST,GPU4GST_Youtube,medium,P2_cross_g,131,15,123.4,4.823502180305079,2,824,4,4,043478fecece76b9098528e678f0dc26e0fa5afd5ae23b7eb150631d16a75c93
Youtube-GPU4GST,GPU4GST_Youtube,medium,P2_cross_g,185,15,36.8,3.632309102625542,15,64,1,5,0835907f8492651cccc2ef77837636edb23e71f6c11ec43afb37fe54525db540
Youtube-GPU4GST,GPU4GST_Youtube,medium,P2_cross_g,11,16,94.4375,4.558471582978851,2,678,3,1,026f73f322641b90a37ccfee3d29ea8381c85b6e6bb409781e83838f51b1354b
Youtube-GPU4GST,GPU4GST_Youtube,medium,P2_cross_g,51,16,261.4375,5.570012958444412,3,2217,5,2,02627563248550de37854de8df401c94ce46420c3f2880390eda6bbdd9f10838
Youtube-GPU4GST,GPU4GST_Youtube,medium,P2_cross_g,168,16,131.125,4.8837484441904015,12,467,4,3,028afe2171b34a1a78d6c2d8cf81d99054ca9447957f8573a4ca000966cfd0d7
Youtube-GPU4GST,GPU4GST_Youtube,medium,P2_cross_g,204,16,64.5,4.182050142641207,5,467,2,4,018d242a5e428d86ac8c8f36135c9d7f34e198b607f67b421b43a67c75841fc8
Youtube-GPU4GST,GPU4GST_Youtube,medium,P2_cross_g,281,16,31.0,3.4657359027997265,6,118,1,5,07950bf3e508264d35aa865bd573f0693f75b730545741b1644455ee7c77dd75
DBLP-GPU4GST,GPU4GST_DBLP,medium,P2_cross_g,15,5,2071.4,7.636462634940633,354,4752,2,1,0315cc166e584aaa626842a65208b154f9366be6945a8739bea5dcfb644ee947
DBLP-GPU4GST,GPU4GST_DBLP,medium,P2_cross_g,50,5,5451.4,8.603811157696688,36,22252,3,2,00bb51ca7a51dc94b351858e3db45d70021eb60a72678629f11bc74680261ce2
DBLP-GPU4GST,GPU4GST_DBLP,medium,P2_cross_g,166,5,16081.2,9.685468349294911,4,62812,4,3,001adc14f9695b7d3858954460757ff08b354a6525c079826079860029d062e6
DBLP-GPU4GST,GPU4GST_DBLP,medium,P2_cross_g,167,5,68201.4,11.130235033828214,3,327807,5,4,02739299a53a0e3d0c3b58b0973a5be9c1d82a51b2bbafd6a61aad286ee4f55a
DBLP-GPU4GST,GPU4GST_DBLP,medium,P2_cross_g,283,5,1176.4,7.071063896594161,51,2612,1,5,01448b42e739dbaa7cce4e284ce9519bb32261f5880ab86eaaa2c8930ce12a34
DBLP-GPU4GST,GPU4GST_DBLP,medium,P2_cross_g,56,6,3037.3333333333335,8.019064398444653,330,11831,2,1,0902bd292d6fd000dc478ca534180273c43ed85b830007731b1b232736d3e797
DBLP-GPU4GST,GPU4GST_DBLP,medium,P2_cross_g,114,6,96502.66666666667,11.477336283150995,4,338654,5,2,01acc567f7988f3363df9fc510714d4ff11870f337ed37c2782457e217e1792a
DBLP-GPU4GST,GPU4GST_DBLP,medium,P2_cross_g,144,6,5807.0,8.666991556504632,64,28490,3,3,032cecb5a7ce8113b3f1966b95484f87ee9c88ee72d74cd1153b066e5594a6cc
DBLP-GPU4GST,GPU4GST_DBLP,medium,P2_cross_g,187,6,10714.666666666666,9.279462124046564,135,55227,4,4,0085f306c7f8a20bd5b7d6fbfd4b4156b1895133e70d6d93be6e749b17d5e8c8
DBLP-GPU4GST,GPU4GST_DBLP,medium,P2_cross_g,221,6,972.3333333333334,6.880726606594218,20,4183,1,5,165257731c9da7ce9eb2ac36053d41d7ff243dd6f62b8ba808b5d4874b722c6f
DBLP-GPU4GST,GPU4GST_DBLP,medium,P2_cross_g,3,7,8110.142857142857,9.000994056680975,17,26380,3,1,00553145e3b61ceca343cc1e42d59bc9d86f5f3d01dd75f5811a5570e77064aa
DBLP-GPU4GST,GPU4GST_DBLP,medium,P2_cross_g,72,7,11795.285714285714,9.375539990927502,16,40381,4,2,01c05c695b34801bc68352b88ebf39d34243d3c3dd59ae3ee5c138509ba230da
DBLP-GPU4GST,GPU4GST_DBLP,medium,P2_cross_g,153,7,3176.0,8.063692634269517,56,15709,2,3,079a10b0c3fd53f870ca956601a6965b41c99deb31de1a836854931f14079160
DBLP-GPU4GST,GPU4GST_DBLP,medium,P2_cross_g,192,7,634.4285714285714,6.454299686875105,60,1601,1,4,0094a5e1053cd7bc915b2f61459afdceb8498329ad73118fc5cd504a9dd035e9
DBLP-GPU4GST,GPU4GST_DBLP,medium,P2_cross_g,288,7,67267.57142857143,11.116448414411986,17,423502,5,5,02ab1cc8f9b8a8152b7ef4163eebc9af041f2dcd58b770576b4f63b3bcdcbbe0
DBLP-GPU4GST,GPU4GST_DBLP,medium,P2_cross_g,146,8,126699.375,11.749580326052286,4,874621,5,1,00e22238a203a59785503170622c0e88686fd62da23c467425e818be345e9249
DBLP-GPU4GST,GPU4GST_DBLP,medium,P2_cross_g,185,8,8984.0,9.103311799217659,12,61699,3,2,042ac9c5c8ccdae178e69d65c918b59f5fc1b18d1ed0be2b47c3d6b8111bbf9c
DBLP-GPU4GST,GPU4GST_DBLP,medium,P2_cross_g,221,8,318.75,5.767539440458952,63,809,1,3,0566f50862aa8b5d29f4ddc6b68520ad923a214a0a270cd5fd81260964eadc8a
DBLP-GPU4GST,GPU4GST_DBLP,medium,P2_cross_g,270,8,23768.5,10.076158525215039,6,151547,4,4,00632b1ae90f9c1f0c2d10d53a0d139f33637596076fcb4ab264ea780b226946
DBLP-GPU4GST,GPU4GST_DBLP,medium,P2_cross_g,285,8,5651.875,8.639919544277975,16,20184,2,5,03ad4362a056ef4522db307d42475b5f0666a113ef2467b26f5c8707dce9540b
DBLP-GPU4GST,GPU4GST_DBLP,medium,P2_cross_g,107,9,3521.3333333333335,8.16687892777292,57,15394,2,1,0b883fbcb5a10e7089db7b89b8a2818cb4c4153eb23aaa8199f68a6a9b093e85
DBLP-GPU4GST,GPU4GST_DBLP,medium,P2_cross_g,161,9,6385.444444444444,8.761932967540188,34,47500,3,2,005e2ec7f442070964dc0f3130f5121746cce66f075ea0ce16b1ff57ff8d00d6
DBLP-GPU4GST,GPU4GST_DBLP,medium,P2_cross_g,200,9,77912.88888888889,11.26335950722344,7,246074,5,3,00242f77b352b95aad2a50e748f1a97c3df6648028508e80dd6e59a94eaa9b35
DBLP-GPU4GST,GPU4GST_DBLP,medium,P2_cross_g,214,9,18072.666666666668,9.802211277593297,24,90600,4,4,02469c95ed9ad7621542b0f6ad60cacf5db1e7461307543c610da1faa54a807e
DBLP-GPU4GST,GPU4GST_DBLP,medium,P2_cross_g,282,9,703.0,6.556778356158042,49,3708,1,5,05725e689181199bf10af9b51c79b425b22b3f659894ded80f5116e2cb3ddb23
DBLP-GPU4GST,GPU4GST_DBLP,medium,P2_cross_g,27,10,19843.0,9.89565697342094,22,94470,4,1,08769d2454ccdb4b5efda46e82260be6172cb03922e11accdfa1b0c63ef57484
DBLP-GPU4GST,GPU4GST_DBLP,medium,P2_cross_g,30,10,5430.1,8.599896970680652,45,26766,2,2,08bca7b8e56501a75d4f3eae53b259a9dbc7b06f2b3de3747a48673ce666bfa5
DBLP-GPU4GST,GPU4GST_DBLP,medium,P2_cross_g,90,10,667.7,6.505335529059933,6,2160,1,3,017dd241c94e80421eeebe9e56d22e0ef3a26c89493c3600883fc5f4e7bc0bb1
DBLP-GPU4GST,GPU4GST_DBLP,medium,P2_cross_g,101,10,6034.3,8.705380842320984,62,42385,3,4,07fc65d7b788f59677dfb4b5b8a91d3bfc992a2a94e04d1a9e3dc8a7d9952a0b
DBLP-GPU4GST,GPU4GST_DBLP,medium,P2_cross_g,122,10,129802.1,11.773773965863699,6,423502,5,5,015dd795cd06ea2f946602b61929a8fc82a3d1510feb31baaacfea815cf90a92
DBLP-GPU4GST,GPU4GST_DBLP,medium,P2_cross_g,19,11,27585.454545454544,10.225080153896021,92,215790,4,1,003065a5cb5e1ff874f2d99f973cc5265d5f81791df47ef7a449517595e92b99
DBLP-GPU4GST,GPU4GST_DBLP,medium,P2_cross_g,91,11,3622.181818181818,8.195107874063654,113,10223,2,2,0103aa6e6f39129eda8cd6c4f412c27bf33dc84b4befb31bab693c4b7c7923a2
DBLP-GPU4GST,GPU4GST_DBLP,medium,P2_cross_g,132,11,2783.2727272727275,7.931741979038755,172,8662,1,3,01cd0e34c49384c782b1282b35380559c9ca20705f9f0f11306d62a8d9c5e08a
DBLP-GPU4GST,GPU4GST_DBLP,medium,P2_cross_g,140,11,11303.454545454546,9.332952134583394,7,65096,3,4,0285485ede7eed7a413e4fdc5bf4f994334d12829ba9f6a9c1ece83dccd1c20d
DBLP-GPU4GST,GPU4GST_DBLP,medium,P2_cross_g,224,11,54416.09090909091,10.904433554625616,6,423502,5,5,05caaa86338ab2c7bf9157ebf2f470d593d17acb51a53b8fe68e84aa9de80b6e
DBLP-GPU4GST,GPU4GST_DBLP,medium,P2_cross_g,28,12,11595.25,9.358437048967481,25,66805,3,1,009c84b9f0a4925a75947c7a5b692466eca8f18c1264dcda675571634e316718
DBLP-GPU4GST,GPU4GST_DBLP,medium,P2_cross_g,75,12,4922.5,8.501774938687857,5,38592,2,2,0292d11ef8b58f72efc6e91bc75f60ec91a22f276330252b8601c46d8259a96b
DBLP-GPU4GST,GPU4GST_DBLP,medium,P2_cross_g,104,12,16018.25,9.681546403047024,1,121938,4,3,0ff7d68238d16136d338f4b9c669e932d12970025b01262159877de495638200
DBLP-GPU4GST,GPU4GST_DBLP,medium,P2_cross_g,263,12,1704.1666666666667,7.441418136650885,42,5795,1,4,0407c984a370e61dcf07a2535e907248c6ad5062190d343271c5c62454a2013c
DBLP-GPU4GST,GPU4GST_DBLP,medium,P2_cross_g,300,12,70934.25,11.169522768093156,4,415738,5,5,08df9f2a0fd6bb654a02dc19a0d125d714fd99f433d7d3fd7ed2ebe85c8d8e1d
DBLP-GPU4GST,GPU4GST_DBLP,medium,P2_cross_g,114,13,6999.2307692307695,8.853698394527017,287,40535,3,1,02c3ed1e6f3363a5a1cede7853ee264bda241424a8e201ecec9ba400e2979c3d
DBLP-GPU4GST,GPU4GST_DBLP,medium,P2_cross_g,171,13,2032.0,7.617267813628347,40,7863,1,2,0ac8b2a0f67bcd7824e6cd72430a22943b2b3d0806f5e749bce16467da417cdd
DBLP-GPU4GST,GPU4GST_DBLP,medium,P2_cross_g,184,13,14155.692307692309,9.557942745870836,5,50157,4,3,0ad8ecb9c8830d59f54d77daae27e1ceaafed573c2725f0dd04d192aba3790ac
DBLP-GPU4GST,GPU4GST_DBLP,medium,P2_cross_g,257,13,37967.46153846154,10.54451113458727,19,415738,5,4,021b65516e32176c9bb728c8d054cde0e03f2a346f39b19eedceb5ca0e7f80d6
DBLP-GPU4GST,GPU4GST_DBLP,medium,P2_cross_g,286,13,4985.153846153846,8.514420119234002,221,22700,2,5,05560da0acf55afcfee8c2964fc3338ad0f915cce22f4420760cacad20e322b4
DBLP-GPU4GST,GPU4GST_DBLP,medium,P2_cross_g,43,14,1632.0,7.398174092970465,7,6220,1,1,057a0364ad7f0243d3fdf326e14cf4e70a114447785c8577416e60a81204d655
DBLP-GPU4GST,GPU4GST_DBLP,medium,P2_cross_g,153,14,3326.214285714286,8.10989068203402,73,13178,2,2,016938939acfb0d2b10cc781d80993a926b6a4ad439623c8455a870925ca86b7
DBLP-GPU4GST,GPU4GST_DBLP,medium,P2_cross_g,182,14,102295.35714285714,11.535629341753944,8,374296,5,3,05365c9a961da7b1b8caeb851ae05eebf4df7ec25bacb0a091ff626821ebbc39
DBLP-GPU4GST,GPU4GST_DBLP,medium,P2_cross_g,258,14,8359.857142857143,9.031316229872902,15,51395,3,4,00758ceffeda0221f88de4115d9a99436973249f447a5e09f804ff0c4d72a2e5
DBLP-GPU4GST,GPU4GST_DBLP,medium,P2_cross_g,284,14,19354.5,9.870731895796137,4,84964,4,5,14f2f58242267f9f68581f96168194fbf446f8101e52a67eede5dc8069fda81e
DBLP-GPU4GST,GPU4GST_DBLP,medium,P2_cross_g,69,15,9000.0,9.105090961257085,50,59715,3,1,073f9a3b391439f4483799df80ef4c5c92d904d50dd8ce6e968bf9533a93a99a
DBLP-GPU4GST,GPU4GST_DBLP,medium,P2_cross_g,112,15,4710.133333333333,8.457683780853836,200,52094,2,2,010a3cfaf8df42759fefe0ad319530faf081230109bdace0a9e0f62c73f7e38a
DBLP-GPU4GST,GPU4GST_DBLP,medium,P2_cross_g,116,15,1150.3333333333333,7.048675970038514,115,4436,1,3,000bdc299c161986d901ac524a8f20d6f36efd5d9185980ec49e25dbe8ffb8aa
DBLP-GPU4GST,GPU4GST_DBLP,medium,P2_cross_g,150,15,29237.133333333335,10.283229072336605,6,143021,5,4,065ecd2649dbfcf0c7b6bf61106424c697074994ad7409aea3055f233e75b89f
DBLP-GPU4GST,GPU4GST_DBLP,medium,P2_cross_g,233,15,13590.933333333332,9.517231758493752,4,118866,4,5,0254d74d2975099cb33f0d26d88d078c68b8261b1885b808de765091b35e7dd6
DBLP-GPU4GST,GPU4GST_DBLP,medium,P2_cross_g,47,16,25280.1875,10.13781582104996,31,170060,4,1,0a67e9075a902173aad806751385eb4085b5e9a57b498338587eece803ffa6f3
DBLP-GPU4GST,GPU4GST_DBLP,medium,P2_cross_g,149,16,11971.1875,9.39034153039355,18,91658,3,2,045f6364a21312c76f7cbf2f560423f85407561ae7d5007b962c16d1fed4fdc8
DBLP-GPU4GST,GPU4GST_DBLP,medium,P2_cross_g,163,16,4891.3125,8.495420374570596,161,36792,2,3,0046757246d36c7dae4a78a1ec383d132f932621a0ee474f63f68b56b2143b51
DBLP-GPU4GST,GPU4GST_DBLP,medium,P2_cross_g,192,16,33136.625,10.408424622751616,6,338654,5,4,02243423fe98dac2f31048887f41a9b2bd433ae9f562183e341f14eb20e038cf
DBLP-GPU4GST,GPU4GST_DBLP,medium,P2_cross_g,296,16,1666.0,7.418780882750794,147,6630,1,5,0111dd97f609fb0860426e296b37a5ca479669a4ef060c780c14bc656e3ef51d
Orkut-GPU4GST,GPU4GST_Orkut,large,P2_cross_g,22,5,411.4,6.021993752142805,56,929,3,1,01047f1918844bc6c4b92e96962188b39797b80a1b74cfdf6303edbda413dc6b
Orkut-GPU4GST,GPU4GST_Orkut,large,P2_cross_g,229,5,182.6,5.21275947818639,84,442,1,2,0116b9be23549bc2d3e6d23ff4cc62d46df8be75691c103ec40ddd0d6828b645
Orkut-GPU4GST,GPU4GST_Orkut,large,P2_cross_g,242,5,204.2,5.323985113296614,103,306,2,3,01f793f3a9d34412d6bd063c5e682ad4bf604374779dcfe6021e26ade6208963
Orkut-GPU4GST,GPU4GST_Orkut,large,P2_cross_g,250,5,907.8,6.8121250479668864,135,2137,5,4,0135fbe42380f18f8739aec56bb9bcd5bdf9d1b385f11542c06b658d0e4e4776
Orkut-GPU4GST,GPU4GST_Orkut,large,P2_cross_g,278,5,571.6,6.350187392664015,94,1545,4,5,05fe00e8e82b4ea280c7400a47b339fae1034d83712820f6125b1ab69ebe2930
Orkut-GPU4GST,GPU4GST_Orkut,large,P2_cross_g,92,6,565.6666666666666,6.339771241376198,71,1382,4,1,02eb94fbd40610a845fc52371cf36f85d6b3e932999cce3fe3d95e9337a1b35d
Orkut-GPU4GST,GPU4GST_Orkut,large,P2_cross_g,154,6,362.0,5.8944028342648505,131,1239,2,2,004db5a3800be9d07c464777f2e9088780f3af503982d3abb4474ed3db2b3828
Orkut-GPU4GST,GPU4GST_Orkut,large,P2_cross_g,193,6,1672.0,7.422373700986824,86,4174,5,3,01c95da9214feba4527e41a035b9b4a75c1fb556b9aa7490069b153ef72ec753
Orkut-GPU4GST,GPU4GST_Orkut,large,P2_cross_g,226,6,470.8333333333333,6.156625815883845,98,1507,3,4,01297a4984145125e55afe98646ee1c03fefb08f37ab4c61a29ee397b5e00f61
Orkut-GPU4GST,GPU4GST_Orkut,large,P2_cross_g,290,6,43.0,3.784189633918261,41,52,1,5,0025ef062f87d762eaacd0722c03500b7cc53fe0169368b648b0ea60bd102934
Orkut-GPU4GST,GPU4GST_Orkut,large,P2_cross_g,75,7,738.0,6.6052979209482015,53,4249,5,1,07ef56d655ace761bc6fb4aa7cadd487182a524313ceeb18f3aef8843181c72c
Orkut-GPU4GST,GPU4GST_Orkut,large,P2_cross_g,135,7,290.85714285714283,5.676264445762309,164,481,2,2,00f66cb5ec688b908c35fba5d174eea48be745b15e4a7cfe4eee7b16d2b862f9
Orkut-GPU4GST,GPU4GST_Orkut,large,P2_cross_g,164,7,541.5714285714286,6.296319742316918,63,2137,4,3,00c4716dcb34f004bbe2b884d4142d348c8ec40940cce0010a99c6911d2e0372
Orkut-GPU4GST,GPU4GST_Orkut,large,P2_cross_g,168,7,407.85714285714283,6.013365811061083,81,1428,3,4,00b927346104f7592ec89e9dc2eb21d86ddf34e07fb5b7a194cc5f924f042c41
Orkut-GPU4GST,GPU4GST_Orkut,large,P2_cross_g,227,7,256.57142857142856,5.551297074148004,70,1094,1,5,04b7652de043111d82be51114d95f9a8b7ae8b2c2351cecbdb21e81afd67f732
Orkut-GPU4GST,GPU4GST_Orkut,large,P2_cross_g,22,8,693.0,6.542471960506805,56,3433,4,1,06065eef354881ad2e737cb5b1a97ea49a97aa43294d70eb9858d743ce864fee
Orkut-GPU4GST,GPU4GST_Orkut,large,P2_cross_g,48,8,305.375,5.724809841848277,64,709,2,2,0510b4af65bed50f378fe9559733a2fb7ca210685bf80297979a9395bbe2bad8
Orkut-GPU4GST,GPU4GST_Orkut,large,P2_cross_g,179,8,1278.75,7.154420025337693,50,4632,5,3,021a340ced0cf8103a7b694634d65159d93c50de7ab2eb2759b50a90de53d616
Orkut-GPU4GST,GPU4GST_Orkut,large,P2_cross_g,210,8,427.625,6.060582410783084,4,1158,3,4,01a18669666f73740307094c9f74ef18723bd3b97525544bc8676ae0c11e3c8e
Orkut-GPU4GST,GPU4GST_Orkut,large,P2_cross_g,246,8,73.75,4.314149212270796,60,92,1,5,022a954fa7aa34c3f6abf609b11ead1304e8caaf0a7488cdde8167e708ab7211
Orkut-GPU4GST,GPU4GST_Orkut,large,P2_cross_g,120,9,939.2222222222222,6.846116253943793,86,4632,5,1,0bb68708002c1e1dd81da8c166b54c585b99b550ff997ac654b42ede6be99900
Orkut-GPU4GST,GPU4GST_Orkut,large,P2_cross_g,134,9,409.77777777777777,6.018052381600413,50,994,3,2,001a74a3f471f311546a39a41cf30d31a703e352f8b8f7571e036ac45ce0854e
Orkut-GPU4GST,GPU4GST_Orkut,large,P2_cross_g,146,9,725.5555555555555,6.588314950225056,50,3145,4,3,0854a69a5573e95840fe0f8f5176f6a86eb3d35cf1a14553666996ec7d619e64
Orkut-GPU4GST,GPU4GST_Orkut,large,P2_cross_g,169,9,350.6666666666667,5.862683757242057,57,1745,2,4,02e37d38ad38b255f7009102dda87852f2f87bfd885e3ccf4420ddd4eb5d393e
Orkut-GPU4GST,GPU4GST_Orkut,large,P2_cross_g,250,9,127.22222222222223,4.853764869731825,53,337,1,5,05da281a6c101b43fff148721b5241969d341d794818f218211b652aae56e9f7
Orkut-GPU4GST,GPU4GST_Orkut,large,P2_cross_g,36,10,101.7,4.631812116934513,57,330,1,1,0695a1f44d2f8b0739a732606b1865c5606a25ffcd123a46dfd8590c29625b6b
Orkut-GPU4GST,GPU4GST_Orkut,large,P2_cross_g,39,10,326.1,5.790265934544339,48,1149,2,2,0126aefa100e1ff3f7972db979b8bf580359b77d5609542e5ddbeaeb8b262e6c
Orkut-GPU4GST,GPU4GST_Orkut,large,P2_cross_g,75,10,459.8,6.132964109381682,80,1318,3,3,01b7a94107df717c199d55cf4ceefe8a5281bc17ecce5cad384d67f8496a0645
Orkut-GPU4GST,GPU4GST_Orkut,large,P2_cross_g,157,10,836.5,6.730421263699221,137,2840,5,4,002c9615eb48d8d177462ebee6c6b6166bc5fc16ae521da9cf9cea7576b71e68
Orkut-GPU4GST,GPU4GST_Orkut,large,P2_cross_g,203,10,529.4,6.273631438871653,135,1466,4,5,01cd5ddf7474cb97a5f24a3fa16870310085dee7ad40e7daa9e1470c40b1af25
Orkut-GPU4GST,GPU4GST_Orkut,large,P2_cross_g,59,11,772.8181818181819,6.651336938783055,55,4174,5,1,05efbe3599bd3b27d417d8e3745530429477bb2ac64e1a3dd9b054ea8a41376c
Orkut-GPU4GST,GPU4GST_Orkut,large,P2_cross_g,95,11,495.09090909090907,6.206759194387861,51,1639,3,2,00a42befdf2bc3d78de55947ab64b57e9da03dc90c8324b55d01ab103a33833b
Orkut-GPU4GST,GPU4GST_Orkut,large,P2_cross_g,254,11,179.72727272727272,5.196989114418149,60,1004,1,3,0371fa304710614370aaa825af2cb4dbbabb85f821ea680ffec133e3e46187a5
Orkut-GPU4GST,GPU4GST_Orkut,large,P2_cross_g,256,11,341.90909090909093,5.837465370954978,115,878,2,4,050707152b1a0c607ca5c21e87d04d0b237ed016311d9ee43889d8acbedcbf25
Orkut-GPU4GST,GPU4GST_Orkut,large,P2_cross_g,292,11,724.7272727272727,6.587174286847429,66,3433,4,5,001701650655e2bc4d6ee3be4de5f783c5bb1399073e5104f79891293e2134a2
Orkut-GPU4GST,GPU4GST_Orkut,large,P2_cross_g,46,12,392.9166666666667,5.976139381005236,83,1656,2,1,04923930013cf0d45c035511f6c0f21b64636c452ab358ee161b3628629dfad1
Orkut-GPU4GST,GPU4GST_Orkut,large,P2_cross_g,122,12,433.5833333333333,6.074387717646872,75,1466,3,2,00aacc1ddce3547e067fe46d4404b2986473952d738d99961fb6a6be58414723
Orkut-GPU4GST,GPU4GST_Orkut,large,P2_cross_g,166,12,632.4166666666666,6.45112844677804,68,1649,4,3,0667b7ca83c0208155041e640e582dd8fb61295d102d638c0dacd83a02392352
Orkut-GPU4GST,GPU4GST_Orkut,large,P2_cross_g,207,12,1214.5833333333333,7.102979350298213,140,4249,5,4,049673745c4ea2c088657bf3af618b573e5eae84f18a7f0dd7c442aecd8f12eb
Orkut-GPU4GST,GPU4GST_Orkut,large,P2_cross_g,284,12,236.33333333333334,5.469465622743866,72,1370,1,5,0073b3ebd13aba2f7b52780890f90f71dec5d5a53fa9778d2bc306a3632df7fb
Orkut-GPU4GST,GPU4GST_Orkut,large,P2_cross_g,79,13,530.0,6.274762021241939,86,2026,4,1,058c8d0ae251c54f680973721113ccfe2bb303104d0517ec352f3fe0f92295d4
Orkut-GPU4GST,GPU4GST_Orkut,large,P2_cross_g,201,13,680.4615384615385,6.524239812950496,102,3249,5,2,018adb9ec98f3373b9989baa368f055e6754e852d3c77a95197b2571adee7fa1
Orkut-GPU4GST,GPU4GST_Orkut,large,P2_cross_g,235,13,492.7692307692308,6.202068263850242,53,2114,3,3,09898f6225e436dc192de870c73edc18efbed007e7534748a0c4784feaef22e1
Orkut-GPU4GST,GPU4GST_Orkut,large,P2_cross_g,237,13,141.53846153846155,4.959611868823823,52,549,1,4,071ed3d2174ce3ab9dd89a4061b7387bad30350d39bcd90cd665f7f3e1e26dee
Orkut-GPU4GST,GPU4GST_Orkut,large,P2_cross_g,292,13,363.0,5.8971538676367405,49,1370,2,5,022c352e31bbc933009c002908baf7c4a4c7f9500111bdc869b5dd4d8c055426
Orkut-GPU4GST,GPU4GST_Orkut,large,P2_cross_g,127,14,826.0,6.717804695023691,58,4632,5,1,060dbe941cc28999693c1a86fdf984a269b0823bcee35c469e4516e23b8660a8
Orkut-GPU4GST,GPU4GST_Orkut,large,P2_cross_g,205,14,235.78571428571428,5.467155573004704,52,848,1,2,0484062fb5bf12bc56cbf25196a12264bae9c96b019423a7dbb80d69cfa61300
Orkut-GPU4GST,GPU4GST_Orkut,large,P2_cross_g,255,14,444.14285714285717,6.0983952579353256,70,1745,3,3,018ad24f7fe837297993f4441842ddb452c63b0e30eab835c631c8e378b7adfe
Orkut-GPU4GST,GPU4GST_Orkut,large,P2_cross_g,283,14,382.42857142857144,5.949153349036259,96,1382,2,4,0379db93a49fdfc7b80f996f6bcea40ffbf8423c4373b448cc00716ea7f39e25
Orkut-GPU4GST,GPU4GST_Orkut,large,P2_cross_g,287,14,609.7142857142857,6.414629232315547,68,1930,4,5,053aa5e027cf94786e176f43d07bb8f3da7c8192b31b229afceb061762316087
Orkut-GPU4GST,GPU4GST_Orkut,large,P2_cross_g,7,15,430.06666666666666,6.066262757183169,59,1507,3,1,08152149ae8b62801cbe5dfaf44cfa148a463f2a0a2578fbb93e5cbf8b923d74
Orkut-GPU4GST,GPU4GST_Orkut,large,P2_cross_g,16,15,980.7333333333333,6.889319716826452,124,4632,5,2,0076b4077e1ceb7f03a28dfc21ed105c75e1e8228fdc0b5fe6edc1b7aff3e9ba
Orkut-GPU4GST,GPU4GST_Orkut,large,P2_cross_g,30,15,587.0,6.376726947898627,50,2137,4,3,02688af7fd2c1f02e96b6e2f6e2fb367b914378000d8bd1a4c6f3fc7392f41d0
Orkut-GPU4GST,GPU4GST_Orkut,large,P2_cross_g,51,15,249.73333333333332,5.524389957368126,55,592,1,4,00771fd67c47bdf99c292821c0f4289e6494a069f314dcc9f8e467b78065a2de
Orkut-GPU4GST,GPU4GST_Orkut,large,P2_cross_g,109,15,343.06666666666666,5.840835437046517,50,2208,2,5,07b847edeb6f9b02fe249a13996045d78b05bdcc68dc5488d7426e1c86871f35
Orkut-GPU4GST,GPU4GST_Orkut,large,P2_cross_g,48,16,712.4375,6.570094836724115,90,3433,5,1,02763cb1c1382f97f1d869c9847c2c9b6c759dfa86e7595bbd2d85e8ee8893b8
Orkut-GPU4GST,GPU4GST_Orkut,large,P2_cross_g,125,16,337.5625,5.824708713418118,58,615,2,2,079012317ce41b14ca37458b2b3d3350aa59344f6ec6990be6c1c04a0cda9e5e
Orkut-GPU4GST,GPU4GST_Orkut,large,P2_cross_g,202,16,502.875,6.22232822143733,53,3249,3,3,05a54b6afc113db3d44efa88a033deb66ffbca3e7988fa4bdf2267f4a57a970e
Orkut-GPU4GST,GPU4GST_Orkut,large,P2_cross_g,219,16,633.875,6.453428129121409,49,2208,4,4,01d579066acc1f63b5c92f5899c0fca019259934826cca0a1d02fcd9ac3a6603
Orkut-GPU4GST,GPU4GST_Orkut,large,P2_cross_g,224,16,295.8125,5.693100626309341,53,924,1,5,077ad950e531e98c4e267c182ebd2dcf36ae462506461c42a25ff53f6d3cb9b2
Reddit-GPU4GST,GPU4GST_Reddit,large,P2_cross_g,9,5,47.8,3.8877303128591016,11,88,4,1,00c687b7f6a6d84e03e7bad2201e32b0219a3e17abbbacae95fff992941858b2
Reddit-GPU4GST,GPU4GST_Reddit,large,P2_cross_g,31,5,30.4,3.4468078929142076,2,67,3,2,026a2c8fe23a4312c3fb46568d7ae88bab7556e8f303a8856e3f3605396382cd
Reddit-GPU4GST,GPU4GST_Reddit,large,P2_cross_g,254,5,645.0,6.470799503782602,2,1849,5,3,070ab0da53bd6a9d701fcfe19e8ff88bfc14fa2f7dbb4b17c7845ae3a61f9561
Reddit-GPU4GST,GPU4GST_Reddit,large,P2_cross_g,274,5,16.4,2.856470206220483,2,56,2,4,00325ea08d475bf1dd11f1f6fc44ab9b1b7f1d2833f49ecc6e7671ee5a881696
Reddit-GPU4GST,GPU4GST_Reddit,large,P2_cross_g,282,5,5.2,1.824549292051046,3,10,1,5,09758e768207b8522f6f5515476630db3fd2ec44ac422ef9734d05c399916943
Reddit-GPU4GST,GPU4GST_Reddit,large,P2_cross_g,86,6,99.83333333333333,4.613468988802786,16,284,4,1,01e4903f32840147d9b4f6e6aada7c21e41e0e319ab8cb1812ce4302655c970c
Reddit-GPU4GST,GPU4GST_Reddit,large,P2_cross_g,185,6,45.833333333333336,3.846595200105691,4,167,3,2,004593431fce4855e545a6b19b8eae0889da80faa459af9ea6ab830da9639d97
Reddit-GPU4GST,GPU4GST_Reddit,large,P2_cross_g,284,6,13.833333333333334,2.6968769005040847,2,44,2,3,025b598c4574dc00fe8ec98661ecfb2ca002a1bbd7125804600333c8152d9985
Reddit-GPU4GST,GPU4GST_Reddit,large,P2_cross_g,286,6,3336.8333333333335,8.113077172877368,2,19948,5,4,07ad3ba6c7c03749290d285b56f40652e84046df7d7b14bae0ea2178ad064ca0
Reddit-GPU4GST,GPU4GST_Reddit,large,P2_cross_g,299,6,5.833333333333333,1.9218125974762528,2,10,1,5,0cf083cac3f61e83e6b17bdc1a7a8c13090c9888f00fefd658ab00d089120826
Reddit-GPU4GST,GPU4GST_Reddit,large,P2_cross_g,39,7,273.85714285714283,5.616251482170338,3,1583,5,1,014511956e7500d9e4c946dd8e8f657b153277b655bfbf3d068187c8f05e373c
Reddit-GPU4GST,GPU4GST_Reddit,large,P2_cross_g,132,7,9.428571428571429,2.344549292093078,4,18,1,2,04d064783c0aaad8169d99375ffad71ea2d3c4a165284a21c047aa7dd812af0b
Reddit-GPU4GST,GPU4GST_Reddit,large,P2_cross_g,233,7,20.285714285714285,3.0580361568901457,4,60,2,3,06a5ec8978dd3e8ea25a00de22a14c3a9c32dc12f5008957bf1d3bad7de57247
Reddit-GPU4GST,GPU4GST_Reddit,large,P2_cross_g,283,7,43.42857142857143,3.793882763123921,2,242,3,4,02afc22ada94d535a99c2cb7c59b32443eb1a3ebe030eb9f5b02400b1a53e752
Reddit-GPU4GST,GPU4GST_Reddit,large,P2_cross_g,294,7,61.57142857142857,4.136308761321133,2,284,4,5,06d5ba84e9110822d318bcab4202fecbd81be6e20069eed23444b35ad477421d
Reddit-GPU4GST,GPU4GST_Reddit,large,P2_cross_g,27,8,18.875,2.9894626605403958,2,96,2,1,01cefe8918bf5840480ee5c3f162426135886c71d900a56980bbca3bcf82bd96
Reddit-GPU4GST,GPU4GST_Reddit,large,P2_cross_g,56,8,51.75,3.965563772356176,11,221,3,2,0091a9dc094fce8d193171da1faf529f4ee25ff237694aa14b715a1cdeb7d601
Reddit-GPU4GST,GPU4GST_Reddit,large,P2_cross_g,88,8,10.0,2.3978952727983707,3,39,1,3,033d2f8de1b2a189397f8e2071b81902173bf836725a3d3d87d100b1a2c55a9e
Reddit-GPU4GST,GPU4GST_Reddit,large,P2_cross_g,91,8,90.125,4.512232190328822,3,630,4,4,098d433b58140632cea3d9994f434c331a38c07aeadfa879bfb0d67b349ba6fd
Reddit-GPU4GST,GPU4GST_Reddit,large,P2_cross_g,107,8,481.875,6.179757820986445,2,3727,5,5,03c763301f3c6b525aa1a061beca0dfd1f1875181081b7fe8e3e72b5f5364fb5
Reddit-GPU4GST,GPU4GST_Reddit,large,P2_cross_g,8,9,1843.4444444444443,7.5199333970084155,2,7919,5,1,04ba12fff25c31dda5056ba558901348c6e0e4ab0f8f3f8a57978e3cd8cc3973
Reddit-GPU4GST,GPU4GST_Reddit,large,P2_cross_g,36,9,22.11111111111111,3.1403135023650988,2,114,2,2,07d9bcac7fc7443732fc124254628234403526c3a64e73ce0f93fdea26294a80
Reddit-GPU4GST,GPU4GST_Reddit,large,P2_cross_g,63,9,14.11111111111111,2.715430308399833,3,43,1,3,003aae50747e3bd48fc2aa99284684494882b3a4f07d843508109736d0675b4a
Reddit-GPU4GST,GPU4GST_Reddit,large,P2_cross_g,100,9,147.66666666666666,5.001706663351954,2,1222,4,4,009fc4d64dd1b24780e513b6cddd021406bd44b61d19282b88e06b0533ff8ef5
Reddit-GPU4GST,GPU4GST_Reddit,large,P2_cross_g,257,9,49.44444444444444,3.9208726207051288,5,168,3,5,007ade9fe97ef04d9cfd55ce4dedb69f01652cdedafc63b85f25f8b20e487004
Reddit-GPU4GST,GPU4GST_Reddit,large,P2_cross_g,41,10,6.6,2.028148247292285,2,32,1,1,013d49de2a7c3031cc37c20a2b760acfa22beca6afca24aca0a44fcac0bf4019
Reddit-GPU4GST,GPU4GST_Reddit,large,P2_cross_g,72,10,198.9,5.297817241506355,2,1634,5,2,011f8ee707da05b76a830ada5e2ebbc1ea3d99e0d68cd6a4151a349226c0b951
Reddit-GPU4GST,GPU4GST_Reddit,large,P2_cross_g,127,10,133.5,4.901564199041894,2,1179,4,3,02f8cb1871b12adaceffcd52956b0d81c7c3ca981d85b1d924259d0c571142cb
Reddit-GPU4GST,GPU4GST_Reddit,large,P2_cross_g,198,10,20.6,3.0726933146901194,2,149,2,4,02e591c6937c47c1d1a8b6f4c51979e34b81d2b673a3a1372c0fec7beaf3f0ec
Reddit-GPU4GST,GPU4GST_Reddit,large,P2_cross_g,299,10,53.4,3.996364153861897,2,409,3,5,000ab88b6f6c4df667560d9809dfc5a49e13d44e180a92965ea0815106374d82
Reddit-GPU4GST,GPU4GST_Reddit,large,P2_cross_g,73,11,1013.1818181818181,6.921837475949009,3,10912,5,1,01083eb76e8903aa6aa3181b2c976baf58a4f520ad730b9ed6bdb43e9fa1b2f2
Reddit-GPU4GST,GPU4GST_Reddit,large,P2_cross_g,93,11,51.81818181818182,3.9668554840535406,2,469,3,2,00dc71a020e116289efcf33c3b2734d8d663d7e2d3ceed6f0ce9c735494e5e7c
Reddit-GPU4GST,GPU4GST_Reddit,large,P2_cross_g,213,11,15.727272727272727,2.817040484810615,2,89,1,3,014afef60476fa3a4b8392c07f0e0e4bf12c508393f0f4dfb57aeb3564a04b65
Reddit-GPU4GST,GPU4GST_Reddit,large,P2_cross_g,270,11,22.0,3.1354942159291497,2,90,2,4,0d1a2990c94a962108390cfb272b1ce2c95d8d051de03ede89545e7306218613
Reddit-GPU4GST,GPU4GST_Reddit,large,P2_cross_g,296,11,128.0909090909091,4.860516877796936,3,503,4,5,0642037b94b7ff075ab1a68e8b8c9f8d85aa501e0a3264b0faa468310a03e053
Reddit-GPU4GST,GPU4GST_Reddit,large,P2_cross_g,100,12,18.75,2.9831534913471307,2,65,2,1,05918099bd84ae3d6141ca8524faa3611b101869be91f33c9668273721753e7d
Reddit-GPU4GST,GPU4GST_Reddit,large,P2_cross_g,111,12,13.916666666666666,2.7024791560527546,2,37,1,2,00c1377ec55a2e385291929120b4d17b6b093905554a6313a3c2048e604316ad
Reddit-GPU4GST,GPU4GST_Reddit,large,P2_cross_g,153,12,43.333333333333336,3.791736839553644,2,278,3,3,01861e3dd2528f5c40326d13d7688d8eb79d3f2a3768012e11cf57faf69c1fc0
Reddit-GPU4GST,GPU4GST_Reddit,large,P2_cross_g,200,12,196.58333333333334,5.286160436277405,2,1696,4,4,019219524e982f00332e8c5f43abf8bdbe3739e846aa5206d25b4bb2c17df984
Reddit-GPU4GST,GPU4GST_Reddit,large,P2_cross_g,253,12,569.5833333333334,6.346659229333063,3,6453,5,5,00628c02370e95c9bc8bb28229b564c057012cb8c3bf3128b2cec1434d5a8217
Reddit-GPU4GST,GPU4GST_Reddit,large,P2_cross_g,55,13,11.615384615384615,2.5349170703626616,2,29,1,1,09ced1eb3a6c9cb084cb71a32e40f58cd71e55304df7c27e34632ec79bdca6d3
Reddit-GPU4GST,GPU4GST_Reddit,large,P2_cross_g,103,13,46.84615384615385,3.8679907352776426,2,378,3,2,010a6f5c0d42d166c1d22a026d483edc9073a8fa81dbe356d6326d81119a9fb9
Reddit-GPU4GST,GPU4GST_Reddit,large,P2_cross_g,107,13,169.69230769230768,5.1398625654710575,2,1642,4,3,02d2b674ea44404873d538994b5cd4febb4f2765bc2d5c22f3244276a9fd98e3
Reddit-GPU4GST,GPU4GST_Reddit,large,P2_cross_g,162,13,28.53846153846154,3.38569319512619,4,201,2,4,005a161c7560c4078143936eec276c97d4ddaebe19b6cf5daa2254f86afcff56
Reddit-GPU4GST,GPU4GST_Reddit,large,P2_cross_g,207,13,3731.923076923077,8.224946872466825,2,36904,5,5,009c8ecd5d7fd9303183723a044f3b2a1718527332679073286eb2964d7db9c0
Reddit-GPU4GST,GPU4GST_Reddit,large,P2_cross_g,48,14,124.5,4.832305758571839,2,1083,4,1,06eca16914a317de7e54d861eb1cc9ddebb4fa38351f00d3026f544a11149ce6
Reddit-GPU4GST,GPU4GST_Reddit,large,P2_cross_g,144,14,19.428571428571427,3.016934481204594,2,209,2,2,00590c1c6f26b21aba21d4936278cd34f29bde6b54ed529572fdd0c67117d91f
Reddit-GPU4GST,GPU4GST_Reddit,large,P2_cross_g,171,14,49.5,3.9219733362813143,3,376,3,3,01de9244fbf5c4f418911471cc7cb53ff0cd04002ec16ffa58e7f054faef1514
Reddit-GPU4GST,GPU4GST_Reddit,large,P2_cross_g,265,14,693.7857142857143,6.543603473254182,2,4861,5,4,0b693badc6b7d36f19f7266704dc7dac69a72c02899decd7bcc60c301515503d
Reddit-GPU4GST,GPU4GST_Reddit,large,P2_cross_g,284,14,10.785714285714286,2.466888144285322,2,28,1,5,02668e649d8bbd4d96e8cbf61b3915865437dc7dc07de79b53d9ddc9d9c6555d
Reddit-GPU4GST,GPU4GST_Reddit,large,P2_cross_g,14,15,177.93333333333334,5.187013296989362,2,1514,4,1,02fc13d334eb8916a3476f7e80f9ce54b46273ab8ca4928cc01a52763d3f4126
Reddit-GPU4GST,GPU4GST_Reddit,large,P2_cross_g,140,15,118.26666666666667,4.781361882406509,2,723,3,2,03d0786033f9d1ca4df6425cc8aab26dac9a472265c4bf2eea67f75114951509
Reddit-GPU4GST,GPU4GST_Reddit,large,P2_cross_g,164,15,23.933333333333334,3.2162055963123217,2,77,2,3,00332d6e09d64fb44a0c35013bcd9cf264ded12abe360e9afbaaf9d8e142906f
Reddit-GPU4GST,GPU4GST_Reddit,large,P2_cross_g,209,15,917.9333333333333,6.823213577105555,2,7757,5,4,02ea8f09b7a3893265d9db8044908ef2eaf6f56d0c1077bc90d61d2947509326
Reddit-GPU4GST,GPU4GST_Reddit,large,P2_cross_g,271,15,8.2,2.2192034840549946,2,25,1,5,003fadf4eb60727fc9b3903c56f16792d554bad7cd2a610d11d53c0c6c03d68d
Reddit-GPU4GST,GPU4GST_Reddit,large,P2_cross_g,2,16,296.875,5.696673935418906,2,2488,4,1,06d428e1ccba98e28a5decc05d47de710182d33be706fbb44254f929aec98028
Reddit-GPU4GST,GPU4GST_Reddit,large,P2_cross_g,38,16,30.8125,3.4598592943107414,2,213,2,2,001fe065c9bb7bdde256d5893043de155b7b60f5b6e97b06594ef055321f2d39
Reddit-GPU4GST,GPU4GST_Reddit,large,P2_cross_g,48,16,41.1875,3.7421239686327485,2,158,3,3,0058a8afcab86800e47ea97193a720703b580a0413958c299de5e20e7ed5d496
Reddit-GPU4GST,GPU4GST_Reddit,large,P2_cross_g,216,16,17.25,2.9041650800285006,3,79,1,4,01d0ffb0f2d6b49c381d147f06e2bc1d0daa40fccdc730fedb5966b49763f31a
Reddit-GPU4GST,GPU4GST_Reddit,large,P2_cross_g,241,16,4381.1875,8.38530330792097,4,36904,5,5,0342fab62edf2a6d3082235a4797dd9a82147b62fad285549424cc45442918a1
